{
    "1": 15.717768669128418,
    "2": 32.56418991088867,
    "3": 49.1940803527832,
    "4": 59.25736618041992,
    "5": 69.31352996826172,
    "6": 77.34007263183594,
    "7": 82.66224670410156,
    "8": 86.20198059082031,
    "9": 88.65035247802734,
    "10": 91.59396362304688,
    "11": 93.08047485351562,
    "12": 94.01914978027344,
    "13": 94.6650619506836,
    "14": 95.14570617675781,
    "15": 95.52325439453125,
    "16": 95.82937622070312,
    "17": 96.08373260498047,
    "18": 96.3294448852539,
    "19": 96.51561737060547,
    "20": 96.81600952148438,
    "21": 97.06686401367188,
    "22": 97.27568054199219,
    "23": 97.45448303222656,
    "24": 97.61278533935547,
    "25": 97.75382995605469,
    "26": 97.88068389892578,
    "27": 97.99091339111328,
    "28": 98.08793640136719,
    "29": 98.16901397705078,
    "30": 98.29385375976562,
    "31": 98.40797424316406,
    "32": 98.5003890991211,
    "33": 98.58075714111328,
    "34": 98.65082550048828,
    "35": 98.71358489990234,
    "36": 98.7704849243164,
    "37": 98.82167053222656,
    "38": 98.86710357666016,
    "39": 98.90542602539062,
    "40": 98.96614074707031,
    "41": 99.02180480957031,
    "42": 99.07196807861328,
    "43": 99.11662292480469,
    "44": 99.15705871582031,
    "45": 99.19580078125,
    "46": 99.2309799194336,
    "47": 99.2625732421875,
    "48": 99.29109954833984,
    "49": 99.315185546875,
    "50": 99.36310577392578,
    "51": 99.40264129638672,
    "52": 99.43536376953125,
    "53": 99.46427154541016,
    "54": 99.49005126953125,
    "55": 99.51448059082031,
    "56": 99.53629302978516,
    "57": 99.55587768554688,
    "58": 99.57357025146484,
    "59": 99.58820343017578,
    "60": 99.61182403564453,
    "61": 99.63162994384766,
    "62": 99.64888000488281,
    "63": 99.66443634033203,
    "64": 99.67853546142578,
    "65": 99.69187927246094,
    "66": 99.70462799072266,
    "67": 99.71588897705078,
    "68": 99.72544860839844,
    "69": 99.73965454101562,
    "70": 99.75431060791016,
    "71": 99.76549530029297,
    "72": 99.77543640136719,
    "73": 99.78437042236328,
    "74": 99.79241180419922,
    "75": 99.8006362915039,
    "76": 99.80784606933594,
    "77": 99.81491088867188,
    "78": 99.82098388671875,
    "79": 99.82600402832031,
    "80": 99.83387756347656,
    "81": 99.84040069580078,
    "82": 99.84609985351562,
    "83": 99.85140228271484,
    "84": 99.85626220703125,
    "85": 99.86109161376953,
    "86": 99.86540985107422,
    "87": 99.8692855834961,
    "88": 99.87311553955078,
    "89": 99.87620544433594,
    "90": 99.88044738769531,
    "91": 99.8839340209961,
    "92": 99.88716125488281,
    "93": 99.89009094238281,
    "94": 99.89279174804688,
    "95": 99.8953857421875,
    "96": 99.89775085449219,
    "97": 99.89979553222656,
    "98": 99.90159606933594,
    "99": 99.90318298339844,
    "100": 99.91252899169922,
    "101": 99.91814422607422,
    "102": 99.92195129394531,
    "103": 99.92503356933594,
    "104": 99.92786407470703,
    "105": 99.93048858642578,
    "106": 99.93276977539062,
    "107": 99.93477630615234,
    "108": 99.93657684326172,
    "109": 99.93815612792969,
    "110": 99.9407958984375,
    "111": 99.94448852539062,
    "112": 99.94679260253906,
    "113": 99.94866180419922,
    "114": 99.95035552978516,
    "115": 99.95203399658203,
    "116": 99.95349884033203,
    "117": 99.95477294921875,
    "118": 99.95599365234375,
    "119": 99.95697784423828,
    "120": 99.95869445800781,
    "121": 99.96007537841797,
    "122": 99.9612045288086,
    "123": 99.96255493164062,
    "124": 99.96360778808594,
    "125": 99.96463012695312,
    "126": 99.96553802490234,
    "127": 99.96636199951172,
    "128": 99.96710205078125,
    "129": 99.96772003173828,
    "130": 99.96886444091797,
    "131": 99.96976470947266,
    "132": 99.97052764892578,
    "133": 99.97126007080078,
    "134": 99.97187805175781,
    "135": 99.97257232666016,
    "136": 99.9731674194336,
    "137": 99.97371673583984,
    "138": 99.97421264648438,
    "139": 99.974609375,
    "140": 99.97533416748047,
    "141": 99.97591400146484,
    "142": 99.97644805908203,
    "143": 99.9769058227539,
    "144": 99.97733306884766,
    "145": 99.97779846191406,
    "146": 99.97820281982422,
    "147": 99.97856903076172,
    "148": 99.97888946533203,
    "149": 99.9791488647461,
    "150": 99.98018646240234,
    "151": 99.98076629638672,
    "152": 99.98120880126953,
    "153": 99.98162078857422,
    "154": 99.98196411132812,
    "155": 99.98236083984375,
    "156": 99.98268127441406,
    "157": 99.98296356201172,
    "158": 99.98321533203125,
    "159": 99.98342895507812,
    "160": 99.98391723632812,
    "161": 99.98426818847656,
    "162": 99.98458099365234,
    "163": 99.98484802246094,
    "164": 99.9850845336914,
    "165": 99.98534393310547,
    "166": 99.98556518554688,
    "167": 99.98577117919922,
    "168": 99.98596954345703,
    "169": 99.98617553710938,
    "170": 99.98655700683594,
    "171": 99.98680877685547,
    "172": 99.98703002929688,
    "173": 99.98723602294922,
    "174": 99.98741149902344,
    "175": 99.98762512207031,
    "176": 99.98779296875,
    "177": 99.98796844482422,
    "178": 99.9881362915039,
    "179": 99.98827362060547,
    "180": 99.98853302001953,
    "181": 99.98869323730469,
    "182": 99.98883819580078,
    "183": 99.98898315429688,
    "184": 99.98908996582031,
    "185": 99.98921966552734,
    "186": 99.98931884765625,
    "187": 99.98945617675781,
    "188": 99.98957061767578,
    "189": 99.98966217041016,
    "190": 99.98979187011719,
    "191": 99.98990631103516,
    "192": 99.99000549316406,
    "193": 99.9900894165039,
    "194": 99.99016571044922,
    "195": 99.9909896850586,
    "196": 99.99112701416016,
    "197": 99.99122619628906,
    "198": 99.99131774902344,
    "199": 99.99138641357422,
    "200": 99.99205780029297,
    "201": 99.99227905273438,
    "202": 99.9925308227539,
    "203": 99.99269104003906,
    "204": 99.99283599853516,
    "205": 99.99297332763672,
    "206": 99.99308776855469,
    "207": 99.99320220947266,
    "208": 99.9933090209961,
    "209": 99.99339294433594,
    "210": 99.99365234375,
    "211": 99.9937973022461,
    "212": 99.99395751953125,
    "213": 99.99406433105469,
    "214": 99.9941635131836,
    "215": 99.99424743652344,
    "216": 99.99433135986328,
    "217": 99.9944076538086,
    "218": 99.99446868896484,
    "219": 99.99452209472656,
    "220": 99.99464416503906,
    "221": 99.99470520019531,
    "222": 99.99490356445312,
    "223": 99.9949951171875,
    "224": 99.99505615234375,
    "225": 99.99513244628906,
    "226": 99.99519348144531,
    "227": 99.99524688720703,
    "228": 99.99530029296875,
    "229": 99.99534606933594,
    "230": 99.99545288085938,
    "231": 99.99551391601562,
    "232": 99.99557495117188,
    "233": 99.99563598632812,
    "234": 99.9957046508789,
    "235": 99.99575805664062,
    "236": 99.99580383300781,
    "237": 99.99584197998047,
    "238": 99.99588012695312,
    "239": 99.99590301513672,
    "240": 99.99597930908203,
    "241": 99.99602508544922,
    "242": 99.9960708618164,
    "243": 99.99610137939453,
    "244": 99.99613189697266,
    "245": 99.99617004394531,
    "246": 99.99620056152344,
    "247": 99.99622344970703,
    "248": 99.99624633789062,
    "249": 99.99626922607422,
    "250": 99.99644470214844,
    "251": 99.99649047851562,
    "252": 99.99654388427734,
    "253": 99.99657440185547,
    "254": 99.9966049194336,
    "255": 99.99665832519531,
    "256": 99.99668884277344,
    "257": 99.99671173095703,
    "258": 99.99673461914062,
    "259": 99.99674987792969,
    "260": 99.996826171875,
    "261": 99.99685668945312,
    "262": 99.99689483642578,
    "263": 99.9969253540039,
    "264": 99.9969482421875,
    "265": 99.99697875976562,
    "266": 99.99700164794922,
    "267": 99.99702453613281,
    "268": 99.99703979492188,
    "269": 99.99706268310547,
    "270": 99.99711608886719,
    "271": 99.99714660644531,